"","Chisq","Df","Pr(>Chisq)"
"Ecosystem",1.40822462441738,1,0.235351339373894
"Nat.LndCov.Ext",1.45061055429587,1,0.228430009179562
"Nat.Littor.Zone",0.0687990903857625,1,0.793093394401798
"Littor.Habitat.Ext",3.80461742863489,1,0.0511114507290457
"Littor.Habitat.Div",7.56045483584572,1,0.00596629323324043
"Macroph_Cover",2.85113486196656,1,0.0913094612530136
"Macroph_Invas.Prcnt",0.32601760914651,1,0.568013527381959
