"","Chisq","Df","Pr(>Chisq)"
"A",1.25293379185267,1,0.2629928778405
"B",2.97429485735315,1,0.0845969850945216
"C",0.250029813238284,1,0.617054085819287
"D",7.39780715497552,1,0.0065303434880702
"E",1.19652229779244,1,0.274017868444128
"F",1.90592755632322,1,0.167416334844314
"G",3.04833751022755,1,0.0808198341932178
"H",2.11159841074679,1,0.146186553668017
