"","Chisq","Df","Pr(>Chisq)"
"A",0.249839082894688,1,0.617188406916698
"B",0.386239340724742,1,0.534282817587795
"C",0.460793933251703,1,0.497253161026141
"D",3.40464014594031,1,0.0650132931303632
"E",0.020340132145754,1,0.886591221232727
"F",0.0248714321524031,1,0.874687848459688
"G",0.793307284132755,1,0.373101945247228
"H",0.00344431893905104,1,0.953200362357691
