"","Chisq","Df","Pr(>Chisq)"
"Ecosystem",1.20560224555678,1,0.272204838134014
"Nat.LndCov.Ext",0.888713410455461,1,0.345826199726496
"Nat.Littor.Zone",0.0266538185087333,1,0.870313748591536
"Littor.Habitat.Ext",4.49539379405574,1,0.033986285058639
"Littor.Habitat.Div",0.753133334379717,1,0.385486008192262
"Macroph_Cover",6.49648928279029,1,0.010808771457354
"Macroph_Invas.Prcnt",0.192660403646182,1,0.660711549445485
