"","Chisq","Df","Pr(>Chisq)"
"Nat.LndCov.Ext",1.21107474528242,1,0.271119375754113
"Littor.Habitat.Div",0.0257790036058478,1,0.87244121239373
"Macroph_Cover",0.871906382099248,1,0.350428081635385
"Macroph_Invas.Prcnt",1.00302998730948,1,0.316578448703761
