"","Chisq","Df","Pr(>Chisq)"
"A",0.000567758552948716,1,0.980990057205441
"B",0.0447679490333731,1,0.832431297919436
"C",0.0711557867564992,1,0.789661330161176
"D",4.54243758196347,1,0.0330644757911882
"E",0.0095851555596711,1,0.92200867641809
"F",1.92963418341849,1,0.164798472620568
"G",0.350203754271053,1,0.553997812384157
"H",0.00508549590247295,1,0.943148917282044
