"","Chisq","Df","Pr(>Chisq)"
"Ecosystem",0.173579397908073,1,0.676950080065552
"Nat.LndCov.Ext",0.152831180460647,1,0.695844331001436
"Nat.Littor.Zone",0.470826372254048,1,0.492607244149046
"Littor.Habitat.Ext",4.9830549810062,1,0.0255967442313429
"Littor.Habitat.Div",6.90258651901083,1,0.00860711364916857
"Macroph_Cover",5.06056076532576,1,0.0244763170357043
"Macroph_Invas.Prcnt",0.00432647429907365,1,0.947556211744266
