"","Chisq","Df","Pr(>Chisq)"
"A",0.533295332898451,1,0.465224718530655
"B",0.0278017885224014,1,0.867575666678259
"C",0.552224590517138,1,0.457410149677896
"D",0.168429815205963,1,0.681511067242492
"E",4.82961817683519,1,0.0279748254283371
"F",0.329316795525144,1,0.566061660808906
"G",0.00296135036881433,1,0.956601906530142
"H",1.60669536720996,1,0.204956954442531
