"","LR Chisq","Df","Pr(>Chisq)"
"Fish_abundance",5.03939562197222,1,0.0247771329197538
"A",0.0328055516871189,1,0.856271008895282
"B",5.31152650912934,1,0.0211847862625243
"C",7.42041654433478e-06,1,0.997826529915848
"D",0.479213291917816,1,0.488778879292067
"E",0.7000448949454,1,0.402768609306472
"F",0.0930893240944073,1,0.760285854871171
"G",0.11048320021623,1,0.739594688492253
"H",0.00856497011473323,1,0.926263352500676
