"","Chisq","Df","Pr(>Chisq)"
"A",0.605888208102191,1,0.436340186181574
"B",0.000118674146644397,1,0.991308203886271
"C",0.324300216264951,1,0.569034760772543
"D",0.306708055880376,1,0.579707314378913
"E",4.40281052975532,1,0.0358797540267657
"F",0.284057749070923,1,0.594053874509263
"G",0.0145319230546459,1,0.904048720760225
"H",2.45161949872298,1,0.11740368296795
