"","LR Chisq","Df","Pr(>Chisq)"
"Fish_abundance",6.41634820449196,1,0.0113074446611925
"Ecosystem",12.3026082113394,1,0.000452325761114839
"Nat.LndCov.Ext",3.24680419701959,1,0.0715628612391432
"Nat.Littor.Zone",1.08668448642332,1,0.297206988709576
"Littor.Habitat.Ext",2.53968380217585,1,0.111017016742602
"Littor.Habitat.Div",3.77522246872986,1,0.0520169832404651
"Macroph_Cover",0.0893237739628674,1,0.765038603500991
"Macroph_Invas.Prcnt",3.89947704756926,1,0.0483011403786946
