"","Estimate","Std. Error","z value","Pr(>|z|)"
"(Intercept)",8.7051633239275,10.2324764969818,0.850738658084896,0.394914543610492
"Ecosystempond",1.58836845217184,1.33849047662287,1.18668640525515,0.235351339373894
"Nat.LndCov.Ext",-0.592809685345087,0.49219803333294,-1.20441295006981,0.228430009179562
"Nat.Littor.Zone",-0.664503110738942,2.53341110657466,-0.262295807030464,0.793093394401798
"Littor.Habitat.Ext",0.849955958181498,0.435753542181813,1.95054285485731,0.0511114507290453
"Littor.Habitat.Div",-2.67187059028087,0.971720708051822,-2.74962812682837,0.00596629323324043
"Macroph_Cover",0.0901840482124761,0.0534097869954937,1.688530385266,0.0913094612530135
"Macroph_Invas.Prcnt",-0.0213230164601948,0.037344625884295,-0.570979517274053,0.568013527381959
