"","Value","Std.Error","DF","t-value","p-value"
"(Intercept)",2.28257367734789,7.29335647627029,30,0.312966147311527,0.756471803824413
"Ecosystempond",-0.906466701503559,0.895945327689095,15,-1.01174332126002,0.327703601659512
"Nat.LndCov.Ext",0.262424310125307,0.302102886809731,30,0.868658730462864,0.3919302830894
"Nat.Littor.Zone",-0.271590511327443,1.80537137633401,15,-0.15043470550582,0.882425936351085
"Littor.Habitat.Ext",-0.617978582947274,0.316316051810698,30,-1.95367443229567,0.0601199522619193
"Littor.Habitat.Div",0.419457045639246,0.524545585498462,30,0.799657946297739,0.430195564778944
"Macroph_Cover",0.063517491978951,0.0270449172003325,30,2.348592584272,0.0256272954550638
"Macroph_Invas.Prcnt",-0.00905562994145547,0.0223900009362925,30,-0.404449734826808,0.688751219260527
